,NVDA,GOOGL
kappa,71.28069618008078,36.42785601118199
theta,0.12346414910931267,0.08678819637940823
alpha,3.79516101533207,2.960605570902596
rho,-0.2287867761127389,0.29762437269428704
